source,author,title,description,url,urlToImage,publishedAt,content
"{'id': 'wired', 'name': 'Wired'}","David Gilbert, Morgan Meaker",Russian Disinfo Campaign Blames Ukraine for Shooting of Slovakia's Prime Minister,"A seemingly coordinated campaign playing out across X, Telegram, and state-run media, blames Ukraine for the attempted assassination of Robert Fico—something for which there is no evidence.",https://www.wired.com/story/russia-blaming-ukraine-slovakia-prime-minister-robert-fico-shooting/,"https://media.wired.com/photos/6646459ae3f5af77ed52d095/191:100/w_1280,c_limit/Robert-Fico-GettyImages-1690470999.jpg",2024-05-16T18:03:51Z,"Russia Todays editor-in-chief Margarita Simonyan went further in a comment on her Telegram channel, blaming Ukraine for the attack: The Slovak Prime Minister is injured. The one who said that the war… [+3020 chars]"
"{'id': 'bbc-news', 'name': 'BBC News'}",,Blinken shows off guitar-playing talents on Ukraine trip,The US Secretary of State Antony Blinken has played a rendition of Neil Young's Rockin' in the Free World with a local band on his surprise trip to Kyiv.,https://www.bbc.co.uk/news/av/world-69013071,https://ichef.bbci.co.uk/news/1024/branded_news/B98D/production/_133310574_blinken.jpg,2024-05-14T21:09:26Z,"The US Secretary of State Antony Blinken has played a rendition of Neil Young's Rockin' in the Free World with a local band at a bar called Diktat on his surprise trip to Kyiv. 
The song was release… [+373 chars]"
"{'id': None, 'name': 'BBC News'}",BBC Sport,Ukrainian Olympian dies on front line,"Weightlifter Oleksandr Pielieshenko, who represented Ukraine at the Rio 2016 Olympics, dies during the conflict with Russia.",https://www.bbc.com/sport/weightlifting/articles/cjk4pmv4y54o,https://ichef.bbci.co.uk/news/1024/branded_sport/b976/live/a4f770f0-0bc4-11ef-8434-31007bf4cd8b.png,2024-05-06T17:04:29Z,"Weightlifter Oleksandr Pielieshenko, who represented Ukraine at the Rio 2016 Olympics, has died during the conflict with Russia.
Two-time European champion Pielieshenko, 30, joined the armed forces … [+774 chars]"
"{'id': 'bbc-news', 'name': 'BBC News'}",https://www.facebook.com/bbcnews,Blinken in Ukraine as US weapons reach front line,"America's top diplomat will deliver a message of ""strong reassurance... in a difficult moment"", a US official says.",https://www.bbc.co.uk/news/world-us-canada-69006673,https://ichef.bbci.co.uk/news/1024/branded_news/2490/production/_133306390_blinken.jpg,2024-05-14T02:31:31Z,"US Secretary of State Antony Blinken has landed in Ukraine as weapons from a new American aid package begin arriving at the front line.
His visit comes as the country struggles to hold back a major … [+2437 chars]"
"{'id': None, 'name': 'Yahoo Entertainment'}",Will Shanklin,Russia can reportedly jam Ukraine’s access to Starlink at will,"Russia has reportedly found new, more effective ways to knock out Ukraine’s Starlink service. The New York Times said on Friday that the increased interference has disrupted communications at critical moments and is posing “a major threat to Ukraine,” putting…",https://consent.yahoo.com/v2/collectConsent?sessionId=1_cc-session_81380b08-eee1-47ff-8ca8-baaae4b5fbc8,,2024-05-24T18:36:43Z,"If you click 'Accept all', we and our partners, including 238 who are part of the IAB Transparency &amp; Consent Framework, will also store and/or access information on a device (in other words, use … [+678 chars]"
"{'id': None, 'name': 'BBC News'}",,Moscow warns West after Ukraine told it can hit Russia with Western weapons,"Russia accuses Nato and the US of ""provoking a new level of tension"" over the use of Western-supplied weapons.",https://www.bbc.com/news/articles/ceqq2zn3zw6o,https://ichef.bbci.co.uk/news/1024/branded_news/3312/live/d49bf1a0-1f4c-11ef-baa7-25d483663b8e.jpg,2024-05-31T13:08:50Z,"Russia has accused Nato and the US of ""provoking a new level of tension"" after the US and Germany became the latest allies to let Ukraine's military to use Western-supplied weapons to strike targets … [+1711 chars]"
"{'id': None, 'name': 'BBC News'}",,Meet the Peaky Blinders - Ukraine's drone squad defending Kharkiv,High-tech drones help Ukraine's defenders - but they say they need more support from allies.,https://www.bbc.com/news/articles/cp0018dzg32o,https://ichef.bbci.co.uk/news/1024/branded_news/426b/live/b5e6c2c0-19bc-11ef-baa7-25d483663b8e.png,2024-05-26T05:00:16Z,"Jonathan Beale,Defence correspondent in Kharkiv
High-tech drones help Ukraine's defenders - but they need more support from allies
In the village of Lyptsi, Ukrainian forces appear to have blunted … [+8428 chars]"
"{'id': None, 'name': 'NPR'}",Joanna Kakissis,Russia Makes Surprising Gains in Ukraine,"Russia launched a surprise new offensive in northeast Ukraine, near the second largest city of Kharkiv. Russian troops are continuing to advance, we get the latest from our Ukraine correspondent. And in another development in that war, Russia's President Puti…",https://www.npr.org/2024/05/13/1196980875/russia-makes-surprising-gains-in-ukraine,https://media.npr.org/assets/img/2024/05/13/russia_ukraine_war_24132544964198_wide-797ac7104362c45c3654b7567e4ad980ab518227.jpg?s=1400&c=100&f=jpeg,2024-05-13T20:21:18Z,"A local resident looks at a neighbour's house on fire after a Russian airstrike in Vovchansk, Ukraine, on Saturday, May 11, 2024.
Evgeniy Maloletka/AP
Russia launched a surprise new offensive in no… [+394 chars]"
"{'id': 'business-insider', 'name': 'Business Insider'}",Tom Porter,An alleged plot to assassinate Zelenskyy gives an alarming look into how deeply Russia can penetrate his inner circle,Ukraine claims Russian agents got alarmingly close to Ukraine's president.,https://www.businessinsider.com/zelenskyy-assassination-plot-suggests-russia-can-access-inner-circle-ukraine-2024-5,https://i.insider.com/663b4c809686a6f37bfd1cf3?width=1200&format=jpeg,2024-05-08T11:12:14Z,"Ukraine's President Volodymyr Zelenskyy inspects Ukrainian positions near Kharkiv in April, 2024.AP
<ul><li>Ukraine said it foiled a Russian plot to assassinate President Volodymyr Zelenskyy. </li><… [+2804 chars]"
"{'id': 'business-insider', 'name': 'Business Insider'}",Tom Porter,"US aid to Ukraine is arriving too late to stop major advances by Russia, says ex-US military official",Russia is seeking to exploit weaknesses caused by the delay in US aid to Ukraine.,https://www.businessinsider.com/us-aid-ukraine-arriving-too-late-stop-russia-advances-expert-2024-5,https://i.insider.com/6644a13e9686a6f37bfffd65?width=1200&format=jpeg,2024-05-15T12:39:22Z,"Ukrainian soldiers fire D-30 artillery in Donetsk Oblast, Ukraine on May 12, 2024.Anadolu via Getty Images
<ul><li>Russia is pushing back Ukraine's military on key parts of the front line. </li><li>… [+1909 chars]"
"{'id': 'business-insider', 'name': 'Business Insider'}",Rebecca Rommen,Ukraine said it destroyed a Russian minesweeper. 'Another bad day for the Black Sea fleet' — ministry.,Ukraine say it has eliminated  another Russian Black Sea Fleet asset— a Soviet-era minesweeper.,https://www.businessinsider.com/ukraine-destroys-russian-minesweeper-in-black-sea-ministry-celebrates-2024-5,https://i.insider.com/664a095314fb5b23cc5e187f?width=1200&format=jpeg,2024-05-19T15:59:05Z,"Russian Navy's minesweeper Kovrovets fires missiles during the Navy Day parade in the Black Sea port of Sevastopol, Crimea, July 30, 2017.REUTERS/Pavel Rebrov
<ul><li>Ukraine says it has destroyed a… [+2461 chars]"
"{'id': 'business-insider', 'name': 'Business Insider'}",Nathan Rennolds,"A Russian drone unit is recruiting members of the Kremlin elite so they can 'sidestep' military service on the front, UK intel says","The unit operates far from the front lines in Ukraine, the UK Ministry of Defence said.",https://www.businessinsider.com/russian-drone-unit-recruits-sons-kremlin-elite-them-safe-uk-2024-5,https://i.insider.com/66407d1c9686a6f37bff0edd?width=1200&format=jpeg,2024-05-12T12:16:33Z,"Ayhan Altun/Getty Images
<ul><li>A military unit called ""Bars Kaskad"" is recruiting Russia's elite, the UK Ministry of Defence said.</li><li>The unit is mostly involved in drone operations far from … [+2151 chars]"
"{'id': 'business-insider', 'name': 'Business Insider'}",Brent D. Griffiths,Biden's threat to cut off weapons for Israel isn't the same as what got Trump impeached,There are numerous differences between Biden's comments and how Trump handled Ukraine aid.,https://www.businessinsider.com/bidens-israel-weapon-threat-isnt-what-got-trump-impeached-2024-5,https://i.insider.com/663d21b3f27898f532d5cd86?width=1200&format=jpeg,2024-05-09T20:37:57Z,Some Republicans have tried to compare then-President Donald Trump's treatment of Ukraine aid to President Joe Biden's vow to cut off offensive weapons to Israel.Jacquelyn Martin/AP; Scott Olson/Gett… [+7193 chars]
"{'id': 'business-insider', 'name': 'Business Insider'}",Tom Porter,The Ukraine war exposed serious flaws in some of the most sophisticated US weapons systems,The US is studying the Ukraine war for clues on conflicts of the future.,https://www.businessinsider.com/ukraine-war-exposes-flaws-us-most-sophisticated-weapons-russia-2024-5,https://i.insider.com/664733109fc063e829b21d85?width=1200&format=jpeg,2024-05-17T14:04:33Z,"Weapons, including Javelin anti-tank missiles and other military hardware, were delivered by the US to Ukraine on January 25, 2022.Sean Gallup via Getty
<ul><li>The Ukraine war exposed problems in U… [+5583 chars]"
"{'id': 'business-insider', 'name': 'Business Insider'}",Rebecca Rommen,"The model for NATO defending Ukrainian airspace from Russian attacks already exists, says German politician",A German politician said the Western defense of Israel from Iran is a blueprint for protecting Ukraine.,https://www.businessinsider.com/nato-model-to-defend-ukraines-airspace-from-russia-exists-german-politician-2024-5,https://i.insider.com/6646468b14fb5b23cc5d4c03?width=1200&format=jpeg,2024-05-18T09:46:23Z,"Protesters attend a daily demonstration of solidarity with Ukraine at the Main Square in Krakow, Poland on August 13, 2023.NurPhoto | Getty Images
<ul><li>Germany is showing cross-party support for … [+3040 chars]"
"{'id': 'business-insider', 'name': 'Business Insider'}",Tom Porter,The US-China military relationship is in tatters. This is one of the last chances to save it.,US and Chinese defense chiefs held a rare meeting amid growing tensions over issues such as Taiwan and Ukraine.,https://www.businessinsider.com/us-china-relationship-last-chances-save-it-defense-chief-meeting-2024-5,https://i.insider.com/6659ab11d0b8e1c832caa48b?width=1200&format=jpeg,2024-05-31T12:28:50Z,"US Secretary of Defence Lloyd Austin (C) walks out after a bilateral meeting with China's Defence Minister Dong Jun at the Shangri-La Hotel in Singapore on May 31, 2024.NHAC NGUYEN via Getty Images
… [+4216 chars]"
"{'id': 'business-insider', 'name': 'Business Insider'}",Cameron Manley,"Ukraine was a magnet for foreign fighters. After 2 bruising years, many are disillusioned or dead.","Foreign volunteers have been fighting in Ukraine since February 2022. Since then, many have returned home or been killed.",https://www.businessinsider.com/ukraines-international-legion-is-still-fighting-but-not-many-left-2024-5,https://i.insider.com/663e0b7bb4abc992e8c7e15c?width=1200&format=jpeg,2024-05-11T10:29:15Z,"Ukrainian soldiers near Avdiivka, eastern Ukraine, on February 14, 2024.Vlada Liberova/Libkos/Getty Images
<ul><li>Ukraine's International Legion was born in 2022, a home for foreigners eager to fig… [+7584 chars]"
"{'id': 'business-insider', 'name': 'Business Insider'}",Kwan Wei Kevin Tan,"Ukraine will have to wait till 2025 to mount a counteroffensive against Russia, US national security advisor says","Ukraine, Jake Sullivan said, would still be able to ""hold the line"" and withstand Russian attacks in the meantime.",https://www.businessinsider.com/jake-sullivan-ukraine-can-mount-counteroffensive-on-russia-in-2025-2024-5,https://i.insider.com/66387b12ec0c696569012956?width=1200&format=jpeg,2024-05-06T08:12:55Z,"A Ukrainian soldier operating a drone during training.Diego Herrera Carcedo/Anadolu via Getty Images
<ul><li>A Ukrainian counteroffensive against Russia isn't on the cards until 2025, says Jake Sull… [+2373 chars]"
"{'id': 'business-insider', 'name': 'Business Insider'}",Matthew Loh,Russia's former president threatened nuclear attacks on Western capital cities if NATO sends any troops to Ukraine,"Dmitry Medvedev said leaders in Washington, Paris, and London wouldn't ""be able to hide"" if they sent troops to Ukraine.",https://www.businessinsider.com/dmitry-medvedev-threatens-nuclear-attacks-western-capitals-nato-troops-ukraine-2024-5,https://i.insider.com/6639b656b8f515beaf121c2f?width=1200&format=jpeg,2024-05-07T05:22:39Z,"Russia's former president and now serving as deputy chairman of the country's Security Council, Dmitry Medvedev (L), visits the Totsky military training field outside Siberian city of Orenburg on Jul… [+3923 chars]"
"{'id': 'business-insider', 'name': 'Business Insider'}",Sinéad Baker,A few NATO countries are lobbying the rest to be bolder when it comes to sending their own soldiers to Ukraine,Some European NATO members are considering putting their own troops in Ukraine and encouraging other allies to consider it too.,https://www.businessinsider.com/some-nato-members-urge-boldness-on-putting-troops-in-ukraine-2024-5,https://i.insider.com/664b28bc9fc063e829b2b58d?width=1200&format=jpeg,2024-05-20T12:11:13Z,"Estonia's Prime Minister Kaja Kallas shakes hands with Ukrainian President Volodymyr Zelenskyy during their meeting, in Estonia in January 2024.AP Photo
<ul><li>Some European NATO members are talkin… [+4713 chars]"
"{'id': 'business-insider', 'name': 'Business Insider'}",Ella Sherman,Ukraine's air-defense problems are letting Russia launch HIMARS-style deep strikes behind the front lines,"With more drones in the air as Ukraine rations its air defenses, Russia is conducting strikes it couldn't previously execute.",https://www.businessinsider.com/ukraines-air-defense-problems-are-letting-russia-launch-new-strikes-2024-5,https://i.insider.com/6643cafa9686a6f37bffdedd?width=1200&format=jpeg,2024-05-14T21:08:18Z,"A Iskander-M missile launcher performs during the International Military-Technical Forum ""Army 2022"" at Kubinka military training ground in Moscow, Russia on August 17, 2022.Pavel Pavlov/Anadolu Agen… [+3506 chars]"
"{'id': 'business-insider', 'name': 'Business Insider'}",Thibault Spirlet,"NATO should use its air defenses to shoot down Russian airstrikes on Ukraine, says former alliance chief","NATO should use air defenses in eastern Europe to intercept Russian airstrikes on Ukraine, a former NATO chief said.",https://www.businessinsider.com/nato-should-shoot-down-russia-airstrikes-on-ukraine-ex-chief-2024-5,https://i.insider.com/66448da7f27898f532d7bd2c?width=1200&format=jpeg,2024-05-15T12:46:15Z,"A British Air Force Eurofighter Typhoon flying over Romania on July 1, 2021.Christophe Gateau/picture alliance via Getty Images
<ul><li>NATO should use its air defenses to intercept Russian airstrik… [+2586 chars]"
"{'id': 'business-insider', 'name': 'Business Insider'}",Mia Jankowicz,"Zelenskyy canceled all his foreign trips, a sign things are critically bad for Ukraine right now","Zelenskyy's hastily canceled international trips point to the growing seriousness of the situation in Ukraine, one Western analyst said.",https://www.businessinsider.com/zelenskyy-cancels-foreign-trips-sign-things-critically-bad-for-ukraine-2024-5,https://i.insider.com/664615e59fc063e829b1a4ee?width=1200&format=jpeg,2024-05-16T15:56:47Z,"Ukrainian President Volodymyr Zelenskyy meeting with military officials on May 16, 2024.Office of the President of Ukraine/Telegram
<ul><li>Ukraine's president abruptly canceled foreign trips in the… [+5440 chars]"
"{'id': 'business-insider', 'name': 'Business Insider'}",Jake Epstein,Ukraine's getting more longe-range missiles that leave the Russians with 'nowhere to hide',Multiple NATO countries have promised Ukraine powerful missiles that Kyiv previously used to hit high-value Russian targets.,https://www.businessinsider.com/ukraine-longe-range-missiles-atacms-storm-shadow-russian-cant-hide-2024-5,https://i.insider.com/66465f629fc063e829b1f91c?width=1200&format=jpeg,2024-05-16T21:25:56Z,"In this handout image released by the South Korean Defense Ministry, an Army Tactical Missile System is fired during a joint training between the United States and South Korea on Oct. 5, 2022 at an u… [+8047 chars]"
"{'id': 'business-insider', 'name': 'Business Insider'}",Mia Jankowicz,The US gave Ukraine glide bombs — but they keep missing because Russia is so good at jamming them,"US-provided glide bombs are struggling against Russian electronic jamming in Ukraine, which has blunted the effectiveness of the munitions.",https://www.businessinsider.com/us-glide-bombs-keep-missing-targets-russia-electronic-jamming-ukraine-2024-5,https://i.insider.com/66506924239fda2da6cb4ed0?width=1200&format=jpeg,2024-05-24T10:50:43Z,"A GLSDB being fired in a press image dated to February 2023 and released by Saab.Saab
<ul><li>US-provided glide bombs are struggling against Russian electronic jamming in Ukraine.</li><li>Ukraine re… [+2503 chars]"
"{'id': 'business-insider', 'name': 'Business Insider'}",Paul Iddon,Cannons and machine guns are being tested as drone-killers in 2 wars,Israel and Ukraine are at the forefront of efforts to find cost-effective weapons to down low-flying drones.,https://www.businessinsider.com/two-wars-test-cannons-and-machine-guns-as-drone-killers-2024-6,https://i.insider.com/665e1ea8cc442a2f676d81d3?width=1200&format=jpeg,2024-06-03T19:57:11Z,"Ukrainian troops use a German-made Gepard anti-aircraft gun tank in Odessa region to shoot down drones and other aerial threats.Kay Nietfeld/Getty Images
<ul><li>Israel is considering mounting rotar… [+5916 chars]"
"{'id': None, 'name': 'Slashdot.org'}",BeauHD,Eagles Changed Migration Route To Avoid Ukraine War,Scientists report that Greater Spotted Eagles altered their migration routes across Ukraine to avoid conflict and habitat destruction caused by the war. The BBC reports: The scientists studied GPS data from tagged birds in the months after the February 2022 i…,https://news.slashdot.org/story/24/05/24/239201/eagles-changed-migration-route-to-avoid-ukraine-war,https://a.fsdn.com/sd/topics/earth_64.png,2024-05-25T07:00:00Z,"The scientists studied GPS data from tagged birds in the months after the February 2022 invasion, a time of heavy fighting in northern Ukraine as Russia tried to take Kyiv by sending troops south fro… [+1745 chars]"
"{'id': None, 'name': 'NPR'}",Asma Khalid,"U.S. gives Ukraine permission to use U.S. weapons to strike inside Russia, with caveats","U.S. officials say Ukraine can now use some U.S. weapons defensively inside of the Kharkiv region, a change in policy for the Biden administration.",https://www.npr.org/2024/05/30/nx-s1-4986108/ukraine-war-us-weapons-biden-zelenskyy-putin,https://npr.brightspotcdn.com/dims3/default/strip/false/crop/7400x4163+0+665/resize/1400/quality/100/format/jpeg/?url=http%3A%2F%2Fnpr-brightspot.s3.amazonaws.com%2Fad%2F64%2Fde70abe443b8a20b1db952972fc7%2Fgettyimages-2136575376.jpg,2024-05-30T23:21:35Z,"The administration has given Ukraine permission to use certain U.S. weapons to strike inside of Russia near Kharkiv for counter-fire purposes, according to two U.S. officials. This is a change in pol… [+1548 chars]"
"{'id': 'business-insider', 'name': 'Business Insider'}",Mia Jankowicz,"Putin's Crimea bridge has been out of military use for at least 3 months, satellite images suggest",Satellite images appear to show no Russian trains carrying military equipment into Ukraine via the key Crimea bridge between February and mid-April.,https://www.businessinsider.com/russia-no-longer-using-kerch-crimea-bridge-military-supply-molfar-2024-5,https://i.insider.com/64f1fb8b5114270019af322d?width=1200&format=jpeg,2024-05-07T13:23:56Z,"A ferry on October 10, 2022, with the Kerch Bridge in the background.AFP via Getty Images
<ul><li>Satellite images show Russia has stopped using the Kerch Bridge for military freight, analysts say.<… [+3901 chars]"
"{'id': 'business-insider', 'name': 'Business Insider'}",Mia Jankowicz,Russia accuses Ukraine of using US and French missiles in an attack on one of its border regions,"Russia says Ukraine used French and US missiles in a strike on Belgorod, despite the West telling it not to use their missiles on Russian soil.",https://www.businessinsider.com/russia-accuses-ukraine-using-french-us-weapons-over-russian-soil-2024-5,https://i.insider.com/664b4fbc14fb5b23cc5e28d7?width=1200&format=jpeg,2024-05-20T15:39:24Z,"Spokeswoman of the Russian Foreign Ministry Maria ZakharovaMaxim Shemetov/Reuters
<ul><li>Russia claims Ukraine fired Western-supplied missiles into its region of Belgorod.</li><li>The White House s… [+3314 chars]"
"{'id': 'business-insider', 'name': 'Business Insider'}",Sinéad Baker,"Western fighters in Ukraine are getting killed because they assumed the war would be easy, says a US veteran who fought there","Many Western fighters who came to Ukraine expected an easy fight and weren't willing to learn new tactics to win at a disadvantage, a US veteran said.",https://www.businessinsider.com/western-fighters-die-in-ukraine-assume-be-easy-us-veteran-2024-5,https://i.insider.com/664c987720abc1efe8fbe30e?width=1200&format=jpeg,2024-05-23T12:44:38Z,"Ukrainian servicemen fire a 122mm mortar towards Russian positions at the front line, near Bakhmut, Donetsk region, Ukraine, in March 2024.AP Photo/Efrem Lukatsky
<ul><li>A US veteran who fought in … [+5153 chars]"
"{'id': 'business-insider', 'name': 'Business Insider'}",Cameron Manley,"The US gave up sending Ukraine Excalibur guided artillery shells costing $100,000 because they rarely hit their target, report says",The US halted Excalibur-guided artillery shell deliveries to Ukraine after Kyiv reported high failure rates caused by Russia's electronic jamming.,https://www.businessinsider.com/us-gave-up-sending-ukraine-100k-excalibur-shells-hit-targets-2024-5,https://i.insider.com/6653208d239fda2da6cbd40c?width=1200&format=jpeg,2024-05-26T13:03:24Z,"An M982 Excalibur round being fired by Ukrainian forces.Gen. Valeriy Zaluzhny / Facebook
<ul><li>The US halted deliveries of GPS-guided Excalibur shells to Ukraine due to high failure rates.</li><li… [+4477 chars]"
"{'id': 'business-insider', 'name': 'Business Insider'}",Sinéad Baker,Russia's fearsome S-400 air-defense system isn't quite living up to the hype in Ukraine,"Russia's S-400 air defense system is very capable, but Ukraine has been able to destroy some and could teach the West lessons, experts said.",https://www.businessinsider.com/russia-s-400-formidable-not-quite-up-to-the-hype-2024-5,https://i.insider.com/664b8fa414fb5b23cc5e5aaf?width=1200&format=jpeg,2024-05-21T14:08:01Z,"S-400 Triumph systems rehearse before the World War II anniversary in Moscow in 2017.REUTERS/Maxim Shemetov
<ul><li>Russia's S-400 air-defense system is feared.</li><li>But Ukraine has been able to … [+11207 chars]"
"{'id': 'business-insider', 'name': 'Business Insider'}",Thibault Spirlet,"Ukraine is mounting rockets on its sea drones and is using them to hit land targets, official says","Ukraine is mounting rockets onto its sea drones, a Ukrainian official told the Financial Times, and is using them to strike Russian land targets.",https://www.businessinsider.com/ukraine-mounting-rockets-sea-drones-attack-russia-land-targets-official-2024-5,https://i.insider.com/664dda8014fb5b23cc5efd75?width=1200&format=jpeg,2024-05-22T14:30:15Z,"A naval drone mounted with a rocket launcher firing a rocket in a photo shared on May 22, 2024, by state-affiliated media.X/@U24_gov_ua
<ul><li>Ukraine is mounting rockets onto its naval drones, an … [+2638 chars]"
"{'id': 'business-insider', 'name': 'Business Insider'}",Thibault Spirlet,Ukraine could soon fire Western-supplied missiles at targets in Russia. But don't expect that to tilt the war in Ukraine's favor.,"Many nations are saying Ukraine can now use weapons they've supplied inside Russia. Experts say it will help, but won't change the course of the war.",https://www.businessinsider.com/ukraine-using-allies-weapons-russia-soil-wont-change-war-experts-2024-5,https://i.insider.com/665866d8d0b8e1c832ca2166?width=1200&format=jpeg,2024-05-31T17:31:30Z,"A service member of Ukraine's National Guard firing a D-20 howitzer on the front line in the Kharkiv region on May 21, 2024.REUTERS/Valentyn Ogirenko
<ul><li>Ukraine's allies look set to approve its… [+5794 chars]"
"{'id': 'business-insider', 'name': 'Business Insider'}",Ella Sherman,"Ukraine is facing training problems, but it's handling its new combat troops better than the Russians, war analysts say","Ukraine is having to train troops at the front, but it's better than the way Russia handles new combat troops, war experts say.",https://www.businessinsider.com/ukraine-has-training-problems-but-its-better-than-russia-experts-2024-6,https://i.insider.com/665df2ba1cd3b17790429720?width=1200&format=jpeg,2024-06-03T20:45:37Z,"Ukrainian service members near Bakhmut on March 24, 2023.Aris Messinis/Getty Images
<ul><li>Ukrainian commanders are having to train new combat troops at the front amid problems with training center… [+3649 chars]"
"{'id': 'business-insider', 'name': 'Business Insider'}",Charissa Cheong,I moved to NYC from Ukraine for a tech job. Here are 3 main differences in America's work culture.,"Yaroslav Zubko moved to New York from Ukraine in 2017 for a tech job. He said in the US, people overwork and place more emphasis on idea generation.",https://www.businessinsider.com/us-ukraine-tech-culture-differences-2024-5,https://i.insider.com/66432a96b4abc992e8c93311?width=1200&format=jpeg,2024-05-15T10:22:51Z,"Yaroslav Zubko moved to the US to work for a startup in New York.Natalia Azarkina
<ul><li>Yaroslav Zubko moved to New York in 2017 after building up his tech career in Ukraine. </li><li>He's noticed… [+6418 chars]"
"{'id': 'business-insider', 'name': 'Business Insider'}","Jake Epstein,Chris Panella",This year's biggest air battles are showing the US what it could need most in a missile war with China,"In Ukraine, the Red Sea, and the Middle East, highly advanced air-defense systems have proven their worth over the past few months.",https://www.businessinsider.com/huge-air-battles-show-us-needs-most-missile-war-china-2024-5,https://i.insider.com/6643c8b6b4abc992e8c981b3?width=1200&format=jpeg,2024-05-15T11:30:02Z,"A missile launches from a US Navy warship in the Red Sea in February.US Central Command
<ul><li>From Ukraine to the Middle East, air-defense systems have been put under immense stress this year.</li… [+11979 chars]"
"{'id': 'business-insider', 'name': 'Business Insider'}",Thibault Spirlet,"Russia is exploiting Ukraine's lack of manpower to thin out the front line and seek a breakthrough, military expert says","Part of Russia's plan is to force Ukraine to divert troops from other fronts, notably those in Donbas, military analysts told The New York Times.",https://www.businessinsider.com/russia-exploiting-ukraine-manpower-shortage-thin-line-breakthrough-war-expert-2024-5,https://i.insider.com/664206f09686a6f37bff21b1?width=1200&format=jpeg,2024-05-13T15:11:24Z,"A Ukrainian BM 21 ""Grad"" MLRS firing at a Russian position near the town of Kupyansk, Kharkiv, on April 18, 2024.ANATOLII STEPANOV/AFP via Getty Images
<ul><li>Russia is exploiting Ukraine's manpowe… [+3119 chars]"
"{'id': 'business-insider', 'name': 'Business Insider'}",Kwan Wei Kevin Tan,"Putin promises 'serious consequences' to 'small, densely populated' European countries calling for Ukrainian strikes on Russia","""This unending escalation can lead to serious consequences,"" Putin said of European leaders' calls to let Ukraine use Western arms to attack Russia.",https://www.businessinsider.com/putin-europe-face-serious-consequences-ukraine-strikes-russia-2024-5,https://i.insider.com/66569897d38d94707c2be792?width=1200&format=jpeg,2024-05-29T04:18:43Z,"Russian leader Vladimir Putin.Contributor via Getty Images
<ul><li>Europe may want to reconsider their calls for Ukrainian strikes on Russia, says Vladimir Putin.</li><li>Putin hinted that Russia co… [+3069 chars]"
"{'id': 'business-insider', 'name': 'Business Insider'}",Ella Sherman,Sweden's early warning plane will be a boost for Ukraine's air defenses and F-16 fighters,Sweden's $1.2 billion aid package to Ukraine includes an airborne early warning plane that will strengthen its defenses against enemy aircraft.,https://www.businessinsider.com/sweden-enhances-ukraines-defense-with-asc-890-in-aid-package-2024-5,https://i.insider.com/6657917acc442a2f676c06c6?width=1200&format=jpeg,2024-05-29T21:12:17Z,"A model of the Saab 340 Erieye AEW&C (Airborne Early Warning and Control) aircraft on November 3, 2015.PORNCHAI KITTIWONGSAKUL/AFP/Getty Images
<ul><li>Sweden will send an ASC 890 aircraft to Ukrain… [+2336 chars]"
"{'id': 'business-insider', 'name': 'Business Insider'}",Mia Jankowicz,A major ammo supplier to Ukraine says poor quality parts are impacting half the shells it's trying to deliver,"A major manufacturer of ammunition for Ukraine described quality issues and soaring prices to the Financial Times, but insisted work was ""on track.""",https://www.businessinsider.com/half-parts-needed-for-ukraine-ammo-are-faulty-manufacturer-says-2024-5,https://i.insider.com/665850a11cd3b17790417940?width=1200&format=jpeg,2024-05-30T14:04:34Z,"A Ukrainian soldier prepares 155 mm artillery shells in Donetsk Oblast, Ukraine, on August 6, 2023.Diego Herrera Carcedo/Anadolu Agency via Getty Images
<ul><li>A major supplier of ammunition for Uk… [+2991 chars]"
"{'id': 'business-insider', 'name': 'Business Insider'}",Tom Porter,"The US is thinking about letting Ukraine use its weapons to strike Russia, even if it enrages Putin: report","The change in policy is being considered after Russia placed weapons across the border from northeastern Ukraine, according to the New York Times.",https://www.businessinsider.com/us-ukraine-use-american-weapons-russia-red-line-putin-nyt-2024-5,https://i.insider.com/664f2558a961b37edf391b22?width=1200&format=jpeg,2024-05-23T12:43:54Z,"President of Ukraine Volodymyr Zelenskyy (L) and US Secretary of State Antony Blinken (R) in Kyiv, Ukraine on May 14, 2024.Anadolu via getty Images
<ul><li>US officials are considering letting Ukrai… [+3183 chars]"
"{'id': 'business-insider', 'name': 'Business Insider'}",Sinéad Baker,Putin's favorite NATO member wants to 'redefine' membership so it doesn't have to help Ukraine,"Viktor Orbán, the prime minister of Hungary, said officials are working to try to change the country's NATO membership to avoid aiding Ukraine.",https://www.businessinsider.com/hungary-wants-nato-membership-change-doesnt-have-to-help-ukraine-2024-5,https://i.insider.com/665067a4a961b37edf3992d8?width=1200&format=jpeg,2024-05-24T12:17:20Z,"Russian President Vladimir Putin shakes hands with Hungarian Prime Minister Viktor Orbán in October 2023.Sputnik/Grigory Sysoyev/Pool via REUTERS
<ul><li>Hungary's prime minister said officials are … [+2872 chars]"
"{'id': 'business-insider', 'name': 'Business Insider'}",Mia Jankowicz,Germany is sending Ukraine a prototype artillery shell that can be fired three times as far as traditional rounds: report,"Germany is gearing up to send Ukraine prototype artillery shells that can travel 62 miles, Handelsblatt reported, triple the range of 155mm shells.",https://www.businessinsider.com/germany-to-give-ukraine-prototype-shell-62-mile-range-report-2024-5,https://i.insider.com/663a47aeec0c69656901bfdd?width=1200&format=jpeg,2024-05-08T09:57:40Z,"A soldier covers his ears as an M777 howitzer is fired on the front line in Zaporizhzhya on July 16, 2023.Gian Marco Benedetto/Anadolu Agency via Getty Images
<ul><li>Germany plans to send Ukraine a… [+2709 chars]"
"{'id': 'business-insider', 'name': 'Business Insider'}",Mia Jankowicz,Ukraine says it flew a drone 930 miles into Russian territory to strike an oil refinery,"Ukraine says it executed its farthest drone strike yet, hitting a Russian oil refinery 930 miles away. The effectiveness of the attacks is debated.",https://www.businessinsider.com/ukraine-says-struck-oil-refinery-930-miles-into-russia-drone-2024-5,https://i.insider.com/663e0abeb4abc992e8c7e12e?width=1200&format=jpeg,2024-05-10T13:59:03Z,"An undated photo of Gazprom Neft's oil refinery in Omsk, Russia.Reuters
<ul><li>Ukraine says it executed its farthest drone strike yet, hitting a Russian oil refinery 930 miles away.</li><li>Ukraine… [+3014 chars]"
"{'id': 'business-insider', 'name': 'Business Insider'}",Kwan Wei Kevin Tan,Ukraine lawmakers just passed a bill that'll allow the country to mimic Russia's tactic of drafting convicts to fight in the war,"Russia has long been relying on prisoners to fight in Ukraine, with some inmates being promised full pardons for their service.",https://www.businessinsider.com/ukraine-pass-bill-draft-convicts-fight-in-war-like-russia-2024-5,https://i.insider.com/663c31d6f27898f532d54aa1?width=1200&format=jpeg,2024-05-09T03:43:36Z,"Ukrainian soldiers.Genya Savilov/AFP via Getty Images
<ul><li>Ukraine's parliament passed a bill on Wednesday to conscript inmates to fight Russia.</li><li>The bill, if enacted, imitates the Russian… [+2731 chars]"
"{'id': 'business-insider', 'name': 'Business Insider'}",Mia Jankowicz,Ukraine says it struck an air base used to launch Russia's much-feared glide bombs,"Overnight on Saturday, Ukraine launched a drone attack on Russia's Kushchyovskaya air base in an effort to hamper glide bomb attacks, sources said.",https://www.businessinsider.com/ukraine-says-struck-kushchyovskaya-air-base-russia-glide-bomb-attacks-2024-5,https://i.insider.com/664b263120abc1efe8fb7174?width=1200&format=jpeg,2024-05-20T11:25:10Z,"A 2024 satellite image of Kushchyovskaya airbase in Krasnodar Krai, Russia, used for illustration purposes. Exact date unclear.Maxar Images/Google Earth
<ul><li>Ukraine launched a drone strike on a … [+2964 chars]"
"{'id': 'business-insider', 'name': 'Business Insider'}",Matthew Loh,Baltic officials said they could send troops to Ukraine without waiting for NATO if Russia scores a breakthrough: report,"Baltic MPs told German officials last week that they and Poland may send troops to Ukraine if Moscow gains the upper hand, Der Spiegel reported.",https://www.businessinsider.com/baltic-officials-send-troops-ukraine-russia-gains-edge-nato-2024-5,https://i.insider.com/66542b2b20abc1efe8fdcb25?width=1200&format=jpeg,2024-05-27T07:18:20Z,"Lithuanian soldiers march during a military parade on Armed Forces Day 2023 in Vilnius.Yauhen Yerchak/SOPA Images/LightRocket via Getty Images
<ul><li>MPs for the Baltic States have been warning Ger… [+4917 chars]"
"{'id': 'business-insider', 'name': 'Business Insider'}",Ella Sherman,A big F-16 donation to Ukraine comes with a major condition,Belgium will provide 30 F-16 jets to Ukraine to enhance air defenses and strike capability against Russia as part of a $1 billion aid package.,https://www.businessinsider.com/belgium-sends-f-16-jets-to-ukraine-on-one-condition-2024-5,https://i.insider.com/665614e9a961b37edf3a69d1?width=1200&format=jpeg,2024-05-28T19:07:24Z,"A Belgian F-16 fighter jet during the visit of Ukrainian President Volodymyr Zelensky in Belgium, on May 28, 2024 in Brussels, Belgium.Didier Lebrun/Photonews/Getty Images
<ul><li>Belgium will send … [+2677 chars]"
"{'id': 'business-insider', 'name': 'Business Insider'}",Cameron Manley,Video shows Ukrainian drone taking out a jet ski with 2 Russian soldiers who were attempting to cross the Dnipro River,"In a video released by Ukraine, Russian soldiers crossing the Dnipro River on a jet ski appear to have been targeted by Ukrainian drones.",https://www.businessinsider.com/video-ukraine-hits-jet-ski-2-russian-troopers-on-2024-6,https://i.insider.com/665ae058cc442a2f676cfcc3?width=1200&format=jpeg,2024-06-01T11:30:07Z,"Russian soldiers on a jet ski taken out by Ukrainian FPV drones.Ukraine's Ministry of Defense
<ul><li>Drones targeted Russian soldiers crossing the Dnipro River on a jet ski, said Ukraine.</li><li>T… [+4019 chars]"
"{'id': 'business-insider', 'name': 'Business Insider'}",Sinéad Baker,"Ukraine's special forces have developed new tech that allows drones to fly without GPS, so Russia can't jam them: report","Ukraine has developed drone tech that Russia can't jam, enabling drones to fly and hit targets without GPS or operator input, The Economist reported.",https://www.businessinsider.com/ukraine-special-forces-drone-tech-no-gps-russia-cant-jam-2024-5,https://i.insider.com/66599df01cd3b1779041f61c?width=1200&format=jpeg,2024-05-31T12:27:48Z,"A Ukrainian drone pilot with a reconnaissance drone in Luhansk, Ukraine, August 19, 2023.AP Photo/Bram Janssen
<ul><li>Ukraine's special forces have developed new drone tech that Russia can't jam.</… [+3403 chars]"
"{'id': 'business-insider', 'name': 'Business Insider'}",Matthew Loh,"The US gave sensitive plans for over 1,000 American weapons to Ukraine, says 2 officials who gave only a cryptic hint as to what they are: report",Two US officials told The New York Times that Washington had transferred the plans and translated them as it helps Ukraine boost domestic production.,https://www.businessinsider.com/us-gave-sensitive-plans-1000-weapons-ukraine-2024-5,https://i.insider.com/66580814cc442a2f676c156f?width=1200&format=jpeg,2024-05-30T05:29:41Z,"Gunners from 43rd Separate Mechanized Brigade of the Armed Forces of Ukraine fire at a Russian position with a 155 mm self-propelled howitzer 2C22 ""Bohdana"", in the Kharkiv region, on April 21, 2024,… [+3122 chars]"
"{'id': 'business-insider', 'name': 'Business Insider'}",Thibault Spirlet,"Video shows Ukrainian sea drones striking 2 ships, as Ukraine continues to harass Russia's Black Sea Fleet",Ukraine said it used sea drones to hit two Russian ships on Thursday. Footage shows one drone passing through heavy fire to strike a patrol vessel.,https://www.businessinsider.com/video-ukraine-sea-drones-destroy-russia-ships-black-sea-fleet-2024-5,https://i.insider.com/66599d06d0b8e1c832caa2ea?width=1200&format=jpeg,2024-05-31T12:59:00Z,"Screengrab from a video of two naval drones hitting a depot in Crimea on May 30, 2024.Main Directorate of Intelligence of the Ministry of Defence of Ukraine
<ul><li>Ukraine said it used sea drones t… [+1869 chars]"
"{'id': 'business-insider', 'name': 'Business Insider'}",Jake Epstein,NATO is finally giving Ukraine a shot at repelling Russia's destructive glide-bomb attacks on a major city,Analysts say allowing Ukraine to hit military targets in Russia will help it curb glide-bomb attacks and missile strikes around Kharkiv.,https://www.businessinsider.com/nato-giving-ukraine-shot-repelling-russian-glide-bomb-strikes-kharkiv-2024-6,https://i.insider.com/665dfd1bcc442a2f676d53bd?width=1200&format=jpeg,2024-06-03T19:15:06Z,"A rocket launches from a M142 High Mobility Artillery Rocket System in Ukraine's Donetsk region.Photo by Serhii Mykhalchuk/Global Images Ukraine via Getty Images
<ul><li>A number of NATO members hav… [+6597 chars]"
"{'id': None, 'name': 'Yahoo Entertainment'}",Pranav Dixit,OpenAI says it stopped multiple covert influence operations that abused its AI models,"OpenAI said that it stopped five covert influence operations over the last three months that used its AI models for deceptive activities across the internet. These operations, which originated from Russia, China, Iran and Israel, attempted to manipulate publi…",https://consent.yahoo.com/v2/collectConsent?sessionId=1_cc-session_cb45bf62-ab90-4b92-ab6c-fb312ceb3bbb,,2024-05-30T22:51:15Z,"If you click 'Accept all', we and our partners, including 237 who are part of the IAB Transparency &amp; Consent Framework, will also store and/or access information on a device (in other words, use … [+678 chars]"
"{'id': 'business-insider', 'name': 'Business Insider'}",Michael Peck,Ukraine can still beat Russia. It just comes down to enough Western aid.,Ukraine's military is short of combat gear. This is what it would take to fully equip its troops to launch a decisive victory.,https://www.businessinsider.com/ukraine-can-still-beat-russia-comes-down-to-western-aid-2024-5,https://i.insider.com/664766e520abc1efe8faf74e?width=1200&format=jpeg,2024-05-18T09:00:02Z,"Ukrainian soldiers attend the assault training in May 2024. A study suggests that Ukraine could push back Russian lines with 14 more fully equipped brigades.Diego Herrera Carcedo/Getty Images
<ul><l… [+8193 chars]"
"{'id': None, 'name': 'Yahoo Entertainment'}",,A Plan for Victory in Ukraine,,https://consent.yahoo.com/v2/collectConsent?sessionId=1_cc-session_3ae751e9-ebc1-4377-b413-fd8ae41cfc71,,2024-05-09T06:43:00Z,"If you click 'Accept all', we and our partners, including 238 who are part of the IAB Transparency &amp; Consent Framework, will also store and/or access information on a device (in other words, use … [+678 chars]"
"{'id': None, 'name': 'Design-milk.com'}",Kelly Beall,The puffa system Grows + Shrinks With Your Seating Needs,"A best-seller in its native Ukraine, kint's modular puffa system seating collection can be turned into a armchair, pouf, sofa, or bench.",https://design-milk.com/the-puffa-system-grows-shrinks-with-your-seating-needs/,https://design-milk.com/images/2024/03/Puffa-System-kint-Photo-Anna-Kagitina-1.jpg,2024-05-10T14:00:52Z,"Designers continue to show us how to put the fun in functional, this time with kint’spuffa system, designed by collaborator Rostyslav Sorokovyi. Already a best-seller in the brand’s native Ukraine, t… [+2658 chars]"
"{'id': 'business-insider', 'name': 'Business Insider'}",Tom Porter,"Russia is producing shells 3 times faster than Ukraine's NATO allies, and for less: report",Ukraine's Western allies are struggling to keep up with the relentless demand for shells.,https://www.businessinsider.com/russia-producing-shells-three-times-faster-cheaper-ukraines-allies-report-2024-5,https://i.insider.com/6655a8c520abc1efe8fde000?width=1200&format=jpeg,2024-05-28T10:54:04Z,"Shells used in Ukraine at the workshop of the ""Forges de Tarbes"" in Tarbes, southwestern France.LIONEL BONAVENTURE via Getty Images
<ul><li>Russia is producing shells 3 times faster than Ukraine's a… [+2126 chars]"
"{'id': 'business-insider', 'name': 'Business Insider'}",Nathan Rennolds,US commander appeared to suggest UK special forces were operating in Ukraine,"A UK Ministry of Defence spokesperson told BI: ""It is the longstanding policy of successive governments not to comment on UK Special Forces.""",https://www.businessinsider.com/us-commander-appeared-suggest-uk-special-forces-in-ukraine-2024-5,https://i.insider.com/6640bff3b4abc992e8c8b145?width=1200&format=jpeg,2024-05-12T14:22:48Z,"Soldiers at the Warsaw Armoured Brigade's base, Poland.REUTERS/Aleksandra Szmigiel
<ul><li>A US commander appeared to suggest UK special forces were operating in Ukraine.</li><li>Gen. Bryan Fenton t… [+3527 chars]"
"{'id': 'business-insider', 'name': 'Business Insider'}",Jake Epstein,"Russia is finally getting serious about its war, and it spells trouble for Ukraine",Russian President Vladimir Putin's war machine looks different today than it did at the start of the conflict.,https://www.businessinsider.com/russia-finally-serious-about-its-war-spelling-trouble-for-ukraine-2024-5,https://i.insider.com/6647a19d14fb5b23cc5df15f?width=1200&format=jpeg,2024-05-18T12:15:01Z,"In this photo released by the Russian Defense Ministry Press Service on April 15, 2024, Russian soldiers participate in a military exercise somewhere in Russian-controlled Donetsk region, eastern Ukr… [+11076 chars]"
"{'id': None, 'name': 'NPR'}",Joanna Kakissis,A Foiled Assassination Plot in Ukraine; Russia Marks World War II Victory,"Ukraine uncovers what they say was a sophisticated network of spies working with Russia to kill President Volodymyr Zelenskyy and other top officials. And in Russia, during a celebration marking the USSR's victory over Germany in World War II, Russia's presid…",https://www.npr.org/2024/05/09/1196980825/a-foiled-assassination-plot-in-ukraine-russia-marks-world-war-ii-victory,https://media.npr.org/include/images/facebook-default-wide-s1400-c100.jpg,2024-05-09T21:04:06Z,"Ukraine uncovers what they say was a sophisticated network of spies working with Russia to kill President Volodymyr Zelenskyy and other top officials. And in Russia, during a celebration marking the … [+305 chars]"
"{'id': 'business-insider', 'name': 'Business Insider'}",Thibault Spirlet,"Ukraine sent special forces to Syria to attack Russians there, revealing a new front to the war: report","Ukrainian special forces are attacking Russian mercenaries and positions in Syria, according to the Kyiv Post, fighting alongside rebel forces.",https://www.businessinsider.com/ukraine-special-forces-syria-attack-russians-new-war-front-report-2024-6,https://i.insider.com/665eedadcc442a2f676da82c?width=1200&format=jpeg,2024-06-04T11:53:31Z,"Russian soldiers and their US counterparts intersect in an oil field near Al-Qahtaniya, northern Syria, on October 8, 2022.DELIL SOULEIMAN/AFP via Getty Images
<ul><li>Ukraine has deployed special f… [+2816 chars]"
"{'id': 'business-insider', 'name': 'Business Insider'}",Kwan Wei Kevin Tan,A top NATO general says Russian troops don't have the numbers or the skills to mount a strategic breakthrough in Kharkiv,"""The Russians don't have the numbers necessary to do a strategic breakthrough,"" said Gen. Christopher Cavoli, Supreme Allied Commander Europe.",https://www.businessinsider.com/nato-russians-do-not-have-numbers-for-breakthrough-in-ukraine-2024-5,https://i.insider.com/6646bd1e9fc063e829b21684?width=1200&format=jpeg,2024-05-17T03:54:12Z,"Russian military personnel at the Moscow Victory Day parade on May 9, 2024.Contributor via Getty Images
<ul><li>A top NATO general says Russia won't be able to achieve a ""strategic breakthrough"" in … [+2813 chars]"
"{'id': 'business-insider', 'name': 'Business Insider'}",Ella Sherman,"Russia again had only one tank in its big Victory Day military parade, and it was a World War II relic","It was a kind of lackluster showing, but Putin flexed his country's muscles in other ways, with warnings and nuclear missiles.",https://www.businessinsider.com/russias-red-square-military-parade-again-had-only-one-tank-2024-5,https://i.insider.com/663d0167f27898f532d59be2?width=1200&format=jpeg,2024-05-09T17:30:44Z,"Ceremonial soldiers parade during 79th anniversary of the Victory Day in Red Square in Moscow, Russia on May 09, 2024.ALEXANDER NEMENOV/Getty Images
<ul><li>This year's Victory Day military parade i… [+3527 chars]"
"{'id': 'business-insider', 'name': 'Business Insider'}",Mia Jankowicz,Ukraine says it may have destroyed Russia's last cruise missile carrier based out of Crimea,"Ukraine's navy said it is confirming whether it destroyed the Tsiklon, which it says is Russia's last cruise missile carrier operating out of Crimea.",https://www.businessinsider.com/ukraine-may-have-struck-tsiklon-russia-last-missile-carrier-crimea-2024-5,https://i.insider.com/664c801914fb5b23cc5e913c?width=1200&format=jpeg,2024-05-21T12:34:24Z,"A satellite image shows smoke billowing from the port of Sevastopol, Crimea, September 22, 2023. Used for illustration purposes.PLANET LABS PBC/Handout via REUTERS
<ul><li>Ukraine's navy is trying t… [+2918 chars]"
"{'id': 'business-insider', 'name': 'Business Insider'}",Huileng Tan,"Neither Russia nor China wants the Ukraine war to end, but for different reasons",Russian President Vladimir Putin is likely to make a sales pitch for a new natural gas pipeline to China.,https://www.businessinsider.com/russia-putin-visit-china-xi-enemy-friends-2024-5,https://i.insider.com/6645948c14fb5b23cc5cf4d0?width=1200&format=jpeg,2024-05-16T06:55:31Z,"Russian President Vladimir Putin meets Chinese leader Xi Jinping in Beijing on May 16, 2024.Kremlin/Handout/Reuters
<ul><li>Russian President Vladimir Putin is visiting China, seeking support amid W… [+4994 chars]"
"{'id': 'wired', 'name': 'Wired'}",Justin Ling,Russians Love YouTube. That’s a Problem for the Kremlin,"YouTube remains the only major US-based social media platform available in Russia. It’s become ""indispensable"" to everyday people, making a ban tricky. Journalists and dissidents are taking advantage.",https://www.wired.com/story/youtube-russia-propaganda-censorship-2024/,"https://media.wired.com/photos/665e280bee0fbd6bfd496874/191:100/w_1280,c_limit/060324-security-russia-youtube.jpg",2024-06-04T09:00:00Z,"Milov stresses that YouTube isnt just a one-way service: Because it allows users to comment and chat anonymously, it provides an extraordinary chance for regular Russians to express themselves withou… [+3127 chars]"
"{'id': 'bbc-news', 'name': 'BBC News'}",https://www.facebook.com/bbcnews,UK to expel Russian diplomat for spying - Cleverly,"The home secretary says the diplomat is an ""undeclared"" military intelligence officer.",https://www.bbc.co.uk/news/uk-68978110,https://ichef.bbci.co.uk/news/1024/branded_news/6F98/production/_133286582_da9925e2233b17c4b815c4f453f1fea8a059d02e0_0_3543_23091000x652.jpg,2024-05-08T13:39:51Z,"An ""undeclared"" Russian military intelligence officer will be expelled from the UK, Home Secretary James Cleverly has told the House of Commons. 
He also announced the closure of several Russian dip… [+1123 chars]"
"{'id': 'business-insider', 'name': 'Business Insider'}",Lloyd Lee,"US-supplied tanks aren't sufficient in a 'war of drones,' Ukrainian soldier told CNN",A Ukrainian soldier told CNN that the armor on US-supplied tanks don't protect the crew and that they're the number one target for Russian drones.,https://www.businessinsider.com/us-supplied-tanks-not-enough-war-of-drones-ukraine-russia-2024-5,https://i.insider.com/6657da8dcc442a2f676c12e6?width=1200&format=jpeg,2024-05-30T03:22:01Z,"A US Army M1A1 Abrams tank.Matthias Merz/picture alliance via Getty Images
<ul><li>Ukraine lobbied hard to get tanks from the US last January.</li><li>But the armored vehicles have not provided majo… [+1825 chars]"
"{'id': 'espn', 'name': 'ESPN'}",,Weightlifting champ killed in Russia-Ukraine war,"Olympic weightlifter and two-time European champion Oleksandr Pielieshenko, 30, was killed on the frontlines of the Russia-Ukraine war, the Ukrainian Weightlifting Federation announced on Monday.",https://www.espn.com/olympics/story/_/id/40094408/olympian-oleksandr-pielieshenko-killed-russia-ukraine-war,https://a3.espncdn.com/combiner/i?img=%2Fphoto%2F2023%2F0430%2Fr1166550_1296x729_16%2D9.jpg,2024-05-06T16:37:19Z,"Ukrainian Olympian and two-time European champion Oleksandr Pielieshenko has died on the frontlines of Russia's war in Ukraine at age 30, the Ukrainian Weightlifting Federation (UWF) said on Monday.… [+744 chars]"
"{'id': None, 'name': 'Yahoo Entertainment'}",,‘Catastrophic moment’: Russia advances on key city in Ukraine,,https://consent.yahoo.com/v2/collectConsent?sessionId=1_cc-session_285101b8-8d48-49a8-8103-d054676c36fe,,2024-05-15T13:14:44Z,"If you click 'Accept all', we and our partners, including 238 who are part of the IAB Transparency &amp; Consent Framework, will also store and/or access information on a device (in other words, use … [+678 chars]"
"{'id': None, 'name': 'Yahoo Entertainment'}",,Ukraine ‘fires Himars into Russia for first time’,,https://consent.yahoo.com/v2/collectConsent?sessionId=1_cc-session_f850ea97-00e3-4b77-aa56-00a21d7ce948,,2024-06-02T16:36:07Z,"If you click 'Accept all', we and our partners, including 237 who are part of the IAB Transparency &amp; Consent Framework, will also store and/or access information on a device (in other words, use … [+678 chars]"
"{'id': None, 'name': 'Yahoo Entertainment'}",,Russia marks Victory Day with attacks on Ukraine,,https://consent.yahoo.com/v2/collectConsent?sessionId=1_cc-session_dde80864-ab9a-4a38-9a48-1c948ce8378e,,2024-05-09T11:17:39Z,"If you click 'Accept all', we and our partners, including 238 who are part of the IAB Transparency &amp; Consent Framework, will also store and/or access information on a device (in other words, use … [+678 chars]"
"{'id': None, 'name': 'Twz.com'}",Howard Altman,Mock-Up Patriot System Sparks China-Ukraine Conspiracy Theories,An image of an apparent Patriot missile launcher being hauled on a truck in Asia has stirred up unsupported claims.,https://www.twz.com/land/mock-up-patriot-system-sparks-china-ukraine-conspiracy-theories,https://s.yimg.com/ny/api/res/1.2/WacGRribqIJoORVs_2JeWA--/YXBwaWQ9aGlnaGxhbmRlcjt3PTEyMDA7aD02NzU-/https://media.zenfs.com/en/the_warzone_735/435fba3fe8440f4d16a23be89b5b5289,2024-05-15T21:23:54Z,"An image has emerged on social media that some widely followed Twitter accounts claim to be a U.S.-made Patriot air defense
 missile launcher that Ukraine sold to China. One expert, however, tells T… [+4704 chars]"
"{'id': 'business-insider', 'name': 'Business Insider'}",Cameron Manley,"US-supplied HIMARS 'completely ineffective' against superior Russian jamming technology, report says","Russian jamming can cause the HIMAR missiles to miss targets by 50ft or more, The Washington Post reported.",https://www.businessinsider.com/us-himars-completely-ineffective-against-russian-jamming-report-2024-5,https://i.insider.com/6651b378239fda2da6cbbbad?width=1200&format=jpeg,2024-05-25T12:02:22Z,"M142 HIMARS launches a rocket on Russian position on December 29, 2023 in Ukraine.Serhii Mykhalchuk/Global Images Ukraine via Getty Images
<ul><li>Russian jamming has rendered US-supplied HIMARS roc… [+3767 chars]"
"{'id': 'business-insider', 'name': 'Business Insider'}",Mia Jankowicz,Russia is covering armored vehicles with elaborate anti-drone 'cope cages.' Video shows them getting hit anyway.,Footage from a Ukrainian battalion appears to show drones breaching 'cope cages' placed on Russian armored vehicles to try to protect them.,https://www.businessinsider.com/video-appears-show-ukraine-drones-bypass-russia-cope-cage-2024-5,https://i.insider.com/663b73699686a6f37bfd21db?width=1200&format=jpeg,2024-05-08T12:59:20Z,"A still taken from video posted by Ukraine's 8th battalion of the 10th mountain assault brigade showing three damaged armored vehicles.Armed Forces of Ukraine/Facebook
<ul><li>Footage shared by a Uk… [+3139 chars]"
"{'id': 'business-insider', 'name': 'Business Insider'}",Cameron Manley,"US-made MaxxPro armored vehicle proves it can resist explosive blasts, a Ukraine war video appears to show",A dramatic video appears to show a US-made MaxxPro MRAP supplied to Ukraine's forces resisting direct Russian blasts.,https://www.businessinsider.com/us-maxxpro-armored-vehicle-proves-resist-fierce-blasts-ukraine-video-2024-6,https://i.insider.com/665c7b53cc442a2f676d0617?width=1200&format=jpeg,2024-06-02T14:42:48Z,"Ukrainian soldiers with a US-supplied MaxxPro MRAP Navistar mine resistant armored fighting vehicle on October 17, 2022 in Kharkiv oblast, Ukraine.Carl Court/Getty Images
<ul><li>Video appears to sh… [+2946 chars]"
"{'id': 'business-insider', 'name': 'Business Insider'}",Matthew Loh,"Ukrainian officials want the green light to strike targets in Russia with US weapons, saying they couldn't do anything about enemy troops massing nearby: report","Officials said they want the ability to strike Russian troops preparing to attack, after saying for weeks that Moscow was massing forces near Kharkiv.",https://www.businessinsider.com/ukraine-wants-green-light-strike-russian-soil-us-weapons-2024-5,https://i.insider.com/664445039686a6f37bfff784?width=1200&format=jpeg,2024-05-15T06:44:08Z,"M142 HIMARS launches a rocket on Russian position on December 29, 2023 in Ukraine.Serhii Mykhalchuk/Global Images Ukraine via Getty Images
<ul><li>Ukrainian officials say the ban on US weapons firin… [+4369 chars]"
"{'id': 'time', 'name': 'Time'}","Jeffrey Sonnenfeld, John E. Herbst and William B. Taylor",It’s Time to Direct Russia’s Frozen Assets to Ukraine,Plans to use interest income on frozen Russian assets is highly unsatisfactory. The West should seize the full $300 billion.,https://time.com/6980510/russia-frozen-assets-ukraine/,https://api.time.com/wp-content/uploads/2024/05/GettyImages-2147052577.jpg?quality=85&w=1024&h=628&crop=1,2024-05-21T10:02:15Z,"Recent battlefield reverses in Ukraine, with Kherson under increasing attack, are powerful reminders that Ukraine needs every penny of support it can get urgently. Yet Western governments still refus… [+4522 chars]"
"{'id': 'time', 'name': 'Time'}",Anna Gordon,"Russian Forces Seize Nine Villages, Amid ‘Difficult Situation’ for Ukraine",The gains since Friday represent the most square miles taken per day since the start of the full-scale invasion in February 2022.,https://time.com/6977403/russia-kharkiv-offensive/,https://api.time.com/wp-content/uploads/2024/05/kharkiv-russia-ukraine.jpg?quality=85&w=1024&h=628&crop=1,2024-05-13T14:11:22Z,"Russian forces have seized at leastnine villages amid a new push in northeastern Ukraine that began on Friday, the most square miles taken per day since the start of the full-scale invasion in Februa… [+3165 chars]"
"{'id': 'business-insider', 'name': 'Business Insider'}",Thibault Spirlet,A Ukrainian captain says his unit shot down every drone it met despite having 'antiquated' guns,"Ukrainian Captain Oleksandr Zhygun told The Guardian his platoon has shot down all the drones it has encountered, despite using ""antiquated"" guns.",https://www.businessinsider.com/ukraine-captain-says-shooting-down-all-drones-with-antiquated-guns-2024-5,https://i.insider.com/663c9db0b4abc992e8c72f82?width=1200&format=jpeg,2024-05-09T11:03:21Z,"Ukrainian soldiers of the 22nd brigade operating a drone during training in Donetsk, Ukraine, May 3, 2024.Diego Herrera Carcedo/Anadolu via Getty Images
<ul><li>A Ukrainian platoon has shot down all… [+2450 chars]"
"{'id': 'business-insider', 'name': 'Business Insider'}",Huileng Tan,"Russia's defense ministry is now helmed by an economist, showing Putin's 'nerds' are performing better than his 'jocks': analyst","Russia's economic resilience is outshining its performance on the battlefields, per Eurasia Group's GZERO Media.",https://www.businessinsider.com/russia-putin-economy-nerds-outperform-defense-jocks-officials-war-sanctions-2024-5,https://i.insider.com/6644398b9686a6f37bfff747?width=1200&format=jpeg,2024-05-15T07:54:18Z,"Russia's President Vladimir Putin.Mikhail Klimentyev/Pool/AFP/Getty Images
<ul><li>Russian President Vladimir Putin's top economic officials are outshining those in his military, wrote an analyst.</… [+2570 chars]"
"{'id': None, 'name': 'Yahoo Entertainment'}",Guy Faulconbridge,UPDATE 2-Russia warns it can strike British military targets after Cameron remarks,Russia warned Britain on Monday that if British weapons were used by Ukraine to strike Russian territory then Moscow could hit back at British military...,https://finance.yahoo.com/news/1-russia-warns-strike-british-134654028.html,https://s.yimg.com/cv/apiv2/social/images/yahoo_default_logo-1200x1200.png,2024-05-06T13:46:54Z,"*
British ambassador summoned to foreign ministry
*
Russia warns Britain of retaliation in Ukraine and elsewhere
*
Warning comes after Cameron remarks about hitting Russia
*
Cameron: Ukraine h… [+1621 chars]"
"{'id': None, 'name': 'Yahoo Entertainment'}",Bloomberg News,Russia’s War Mobilization Starves Its Crucial Oil and Gas Industry of Workers,"(Bloomberg) -- Russia’s oil and gas industry has been crucial for bankrolling the invasion of Ukraine, giving the Kremlin the funds to keep fighting even as ...",https://finance.yahoo.com/news/russia-war-mobilization-starves-crucial-040000189.html,https://s.yimg.com/ny/api/res/1.2/F8r7wT5CzFo.NNY6SirTZA--/YXBwaWQ9aGlnaGxhbmRlcjt3PTEyMDA7aD03NjM-/https://media.zenfs.com/en/bloomberg_markets_842/d62fb56861a32e44bde8a79410c94faf,2024-05-06T04:00:00Z,"(Bloomberg) -- Russias oil and gas industry has been crucial for bankrolling the invasion of Ukraine, giving the Kremlin the funds to keep fighting even as the conflict drags on through its third yea… [+8264 chars]"
"{'id': None, 'name': 'Yahoo Entertainment'}",Associated Press Videos,Rare drone footage shows the town of Vovchansk in Ukraine's Kharkiv region in ruins,The Associated Press has obtained rare drone footage of the destroyed ruins of the embattled town of Vovchansk in northeast Ukraine. The footage captures the...,https://www.yahoo.com/news/rare-drone-footage-shows-town-115828307.html,https://s.yimg.com/ny/api/res/1.2/Lti_a0GWoMh6pKb_Dy2a6A--/YXBwaWQ9aGlnaGxhbmRlcjt3PTEyMDA7aD02NzU-/https://cf-images.us-east-1.prod.boltdns.net/v1/jit/6415665815001/c24ad9b8-e3d1-47c1-8742-2633b241b5de/main/1280x720/33s269ms/match/image.jpg,2024-05-31T11:58:28Z,The Associated Press has obtained rare drone footage of the destroyed ruins of the embattled town of Vovchansk in northeast Ukraine. The footage captures the scene in the town in the Kharkiv region f… [+210 chars]
"{'id': None, 'name': 'NPR'}",Juliana Kim,"During West Point commencement speech, Biden applauds U.S. military role abroad","President Biden delivered his first commencement speech as commander-in-chief to the U.S. Military Academy at West Point. There, he did not shy away from discussing the growing conflict in Europe and the Middle East.",https://www.npr.org/2024/05/25/nx-s1-4981250/biden-west-point-speech-military-role,https://npr.brightspotcdn.com/dims3/default/strip/false/crop/3467x1950+0+0/resize/1400/quality/100/format/jpeg/?url=http%3A%2F%2Fnpr-brightspot.s3.amazonaws.com%2F6d%2Fc5%2Fc2bd24cf45bebfcf02888603e2b5%2Fgettyimages-2154608328.jpg,2024-05-25T18:51:23Z,"In his first commencement speech to the U.S. Military Academy at West Point as as commander-in-chief, President Biden on Saturday spoke directly about the ongoing conflicts in Europe and the Middle E… [+2767 chars]"
"{'id': None, 'name': 'Yahoo Entertainment'}",FATIMA HUSSEIN,US Treasury official visits Ukraine to discuss sanctions on Russia and seizing Russian assets,"A senior U.S. Treasury official is in Kyiv this week to talk with government officials about U.S. financial support for Ukraine, efforts to tighten sanctions...",https://finance.yahoo.com/news/us-treasury-official-visits-ukraine-073311513.html,https://s.yimg.com/ny/api/res/1.2/xJvA6tNTVwTob7evZX8sCg--/YXBwaWQ9aGlnaGxhbmRlcjt3PTEyMDA7aD04MDA-/https://media.zenfs.com/en/ap.org/3f5423fbe70a82a76106e94280f0ffe9,2024-05-29T07:33:11Z,"WASHINGTON (AP) A senior U.S. Treasury official is in Kyiv this week to talk with government officials about U.S. financial support for Ukraine, efforts to tighten sanctions on Russia and plans to us… [+1553 chars]"
"{'id': 'business-insider', 'name': 'Business Insider'}",Thibault Spirlet,"Ukraine appears to have launched its biggest drone attack ever, with reports of explosions at two major Russian ports","Russia said it shot down a total of 102 aerial drones and six naval drones, making it Ukraine's largest drone attack, per the Kyiv Independent.",https://www.businessinsider.com/ukraine-launched-largest-drone-attack-ever-russia-ports-uavs-report-2024-5,https://i.insider.com/66472eed9fc063e829b21d1e?width=1200&format=jpeg,2024-05-17T11:36:37Z,"A pilot preparing a drone for a combat flight in the Kharkiv region, Ukraine, on May 16, 2024.Kostiantyn Liberov/Libkos/Getty Images
<ul><li>Ukraine may have launched its biggest drone attack ever, … [+3096 chars]"
"{'id': 'business-insider', 'name': 'Business Insider'}",Nathan Rennolds,"Ukrainian attacks on Russian oil refineries may be proving the Biden Administration wrong, experts say",Defense Secretary Lloyd Austin said in April that attacking Russian oil refineries risked impacting global energy markets.,https://www.businessinsider.com/ukraine-attacks-russian-oil-refineries-may-prove-biden-wrong-experts-2024-5,https://i.insider.com/65b3f3c3f4b446f3be9d5543?width=1200&format=jpeg,2024-05-11T14:42:36Z,"Russian Emergencies Ministry/Reuters
<ul><li>Ukraine has been targeting Russian oil refineries in recent months.</li><li>The Biden Administration has criticized the strikes, warning of global energy… [+3362 chars]"
"{'id': 'business-insider', 'name': 'Business Insider'}",Cameron Manley,Polish official claims the US told Russia it would strike Russian targets in Ukraine if Putin used nuclear weapons,"Former Russian President Dmitry Medvedev hit back at the comments on X, saying that US strikes on Russian targets would result in a ""world war.""",https://www.businessinsider.com/polish-fm-us-will-destroy-russian-targets-ukraine-nukes-used-2024-5,https://i.insider.com/6651f1f9239fda2da6cbc04e?width=1200&format=jpeg,2024-05-27T10:16:27Z,"Polish Foreign Minister Radosław Sikorski.Reuters
<ul><li>A Polish official said the US told Russia it would strike Russian targets in Ukraine if Putin used a nuke.</li><li>Former Russian President … [+2725 chars]"
"{'id': 'business-insider', 'name': 'Business Insider'}",Matthew Loh,"A Ukrainian tank crew says the Abrams is still being used on the front lines, but isn't finding 'tank-on-tank' battles where it has the edge","The new video from Army TV, run by the Ukrainian Defense Minsitry, praised the US-made Abrams and said it's still being used on the front lines.",https://www.businessinsider.com/ukraine-abrams-tank-crew-says-still-on-front-lines-2024-5,https://i.insider.com/663b0bffb4abc992e8c6c652?width=1200&format=jpeg,2024-05-08T06:39:23Z,"A real M1 Abrams tank in the field in Ukraine.Artur Widak/NurPhoto via Getty Images
<ul><li>A Ukrainian tank crew told state media they're still using the Abrams tank on the front lines.</li><li>The… [+3309 chars]"
"{'id': 'business-insider', 'name': 'Business Insider'}",Tom Porter,"US jamming technology is significantly worse than Russia's, ex-Pentagon officials warn","The US appears to have been outclassed by its rivals, such as Russia, in its capacity to remotely take out enemy weapons using jamming technology.",https://www.businessinsider.com/us-jamming-tech-is-worse-than-russia-ex-pentagon-officials-2024-5,https://i.insider.com/66434b7cb4abc992e8c936b0?width=1200&format=jpeg,2024-05-14T13:56:56Z,"A man holds a portable electronic warfare system at an event in Ukraine earlier this year.Global Images Ukraine via Getty
<ul><li>Former US officials said the US is falling behind in its electronic … [+3103 chars]"
"{'id': 'bbc-news', 'name': 'BBC News'}",https://www.facebook.com/bbcnews,Russia gives British diplomat in Moscow a week to leave,The expulsion of Adrian Coghill comes after his counterpart was removed from Britain last week,https://www.bbc.co.uk/news/world-69023928,https://ichef.bbci.co.uk/news/1024/branded_news/9E85/production/_133318504_gettyimages-2152617849.jpg,2024-05-16T18:25:55Z,"A British diplomat has been given a week to leave Russia in an escalation of a diplomatic spat over spying. 
The Russian foreign ministry said in a statement the removal of Adrian Coghill was in res… [+1553 chars]"
"{'id': 'time', 'name': 'Time'}",Daryna Krasnolutska and Courtney McBride / Bloomberg,Blinken Performs ‘Rockin’ in the Free World’ With Kyiv Band During Ukraine Visit,Secretary of State Antony Blinken followed up a pledge to support Ukraine in its war against Russia by singing in a basement bar.,https://time.com/6978438/blinken-performance-kyiv-band-ukraine-russia-military-operations/,https://api.time.com/wp-content/uploads/2024/05/AP24135698718009.jpg?quality=85&w=1200&h=628&crop=1,2024-05-15T16:20:36Z,"Secretary of State Antony Blinken followed up a pledge to support Ukraine in its war against Russia by playing a cover of Rockin in the Free World in a basement bar just off Kyivs main strip.
Dresse… [+1881 chars]"
"{'id': None, 'name': 'Yahoo Entertainment'}",RAF CASERT,Ukraine gets more military aid from Europe but Putin warns of consequences if Russian soil is hit,Ukrainian President Volodymyr Zelenskyy received a second $1 billion promise of military aid in as many days Tuesday during a whirlwind tour of three...,https://www.yahoo.com/news/eu-tries-drum-military-support-073936410.html,https://s.yimg.com/ny/api/res/1.2/DsqMnDkgnt7mFl.4Wb9Dsw--/YXBwaWQ9aGlnaGxhbmRlcjt3PTEyMDA7aD04MDA-/https://media.zenfs.com/en/ap.org/e1e2cb960419861ef1ce4d58feff73a6,2024-05-28T07:39:36Z,"BRUSSELS (AP) Ukrainian President Volodymyr Zelenskyy received a second $1 billion promise of military aid in as many days Tuesday during a whirlwind tour of three European Union countries, while Pre… [+5379 chars]"
"{'id': 'business-insider', 'name': 'Business Insider'}","Sam Fellman,Lilian Manansala",Ukraine's sea drones vs. Russia's Black Sea Fleet,How are Ukraine's cheap unmanned sea drones and Western missiles taking down Russian warships worth hundreds of millions of dollars?,https://www.businessinsider.com/ukraine-russia-navy-black-sea-fleet-warships-drones-missiles-military-2024-5,https://i.insider.com/665a2062cc442a2f676cdb35?width=1200&format=jpeg,2024-05-31T21:16:23Z,Ukraine is facing off against Russia's formidable Black Sea Fleet. How are Ukraine's cheap unmanned sea drones and Western missiles taking down Russian warships worth hundreds of millions of dollars?… [+151 chars]
"{'id': 'business-insider', 'name': 'Business Insider'}",Tom Porter,Putin is putting his bromance with Xi on full display — but China has reason to be wary,China's leader is facing growing pressure over his support for Russia's isolated president.,https://www.businessinsider.com/putin-bromance-xi-jinping-display-china-remains-wary-russia-2024-5,https://i.insider.com/6645e25e9fc063e829b194ce?width=1200&format=jpeg,2024-05-16T12:15:20Z,"Russian President Vladimir Putin (R) is greeted by a ceremonial guard and received a red-carpet welcome in Beijing, China on May 16, 2024.Kremlin via Anadolu via Getty Images
<ul><li>Russia's Presid… [+3956 chars]"
"{'id': 'business-insider', 'name': 'Business Insider'}",Cameron Manley,POV video of Ukrainian special forces in armored car making perilous dash as Russian shells appears to try and take them out,Ukraine's Kraken special forces brave Russian artillery fire to support front-line troops in the contested town of Chasiv Yar.,https://www.businessinsider.com/pov-of-ukraine-special-forces-inside-racing-armored-car-as-russians-shell-them-2024-5,https://i.insider.com/6649c7fa9fc063e829b2a93b?width=1200&format=jpeg,2024-05-19T11:45:47Z,"Kraken unit transporting soldiers to the frontline in Chasiv YarKraken Telegram
<ul><li>A new video shows Ukraine's special forces navigating enemy fire to transport reinforcements to Chasiv Yar.</l… [+4213 chars]"
